wavelength_nm,E_direct_W_m2_um,E_diffuse_W_m2_um
400,53.12830691142334,38.138443927629275
401,56.9634088219417,40.602217016419715
402,59.70786671621461,42.259815535512246
403,61.38210675845158,43.142193343034805
404,62.11128922124669,43.35265313936228
405,62.130048877086914,43.06770000820527
406,61.771251184690215,42.52667263832103
407,61.340819114827234,41.94390476912234
408,61.00731296067959,41.43463485285381
409,60.85802970141659,41.056298029082164
410,61.03035220892952,40.89845902450362
411,61.69002048733162,41.06713670444403
412,62.86017179285568,41.57111425231683
413,64.34028659004477,42.27194524048528
414,65.80945786157963,42.9563138816092
415,66.97709466805595,43.43627993267469
416,67.68381750537563,43.61339960762473
417,67.961307627033,43.51400317800751
418,68.01364216001802,43.273213168509905
419,68.0772587622248,43.04294079660432
420,68.26285736040307,42.89205838469896
421,68.53753793680993,42.797960530007316
422,68.83291158358917,42.71686550934985
423,69.1022725788382,42.62023521772374
424,69.24351808641293,42.44706575049891
425,69.02448681213173,42.05849594473304
426,68.17301314418134,41.29361182909971
427,66.60578895216145,40.107841314974586
428,64.63192156609912,38.69240629105743
429,62.965161214496234,37.475578715274004
430,62.42979919572246,36.94172907516115
431,63.44142345994845,37.32376667657113
432,65.68003319246233,38.41889528126364
433,68.34610423606769,39.74999849322473
434,70.76329931181294,40.9220688566754
435,72.67734460605928,41.79173918078841
436,74.08100615790588,42.35996055176287
437,75.02284572313977,42.65903681134486
438,75.67506523387813,42.790130726484165
439,76.38522669888648,42.950706414617294
440,77.46011769076712,43.31137889107505
441,78.88816415444117,43.86267047354353
442,80.34178103686385,44.42152736339715
443,81.49291875093401,44.80934631349439
444,82.35027663832243,45.03538794525742
445,83.28511150678264,45.304993288589934
446,84.69752765014579,45.833821974354905
447,86.6499062709325,46.65066930424918
448,88.82476653128599,47.57997986915047
449,90.78146539133569,48.384017028802255
450,92.20935324779751,48.89891784467122
451,93.02966899573867,49.086832160884185
452,93.40219286459443,49.03635357378444
453,93.63591918506104,48.91264582870271
454,93.9809592700719,48.847205870896154
455,94.45540303034159,48.84894771148902
456,94.9026884007764,48.83660146718544
457,95.23014501128098,48.76303676911281
458,95.55765839586974,48.69023969685729
459,96.09933968174049,48.72675175063335
460,96.91747454066699,48.902423634173
461,97.84050309850686,49.12909089816808
462,98.623655164307,49.28364118875905
463,99.14783238739945,49.30775476058467
464,99.46046618773177,49.22656911657491
465,99.67602199840938,49.09763059994676
466,99.87308599263223,48.959668476577704
467,100.07257533426402,48.82257750210828
468,100.27918229240618,48.68850010896924
469,100.52142423162928,48.571460206816724
470,100.84881112907841,48.495429953333534
471,101.29102867713534,48.47407064866381
472,101.82002354963474,48.492711754367235
473,102.3580012205215,48.51322385079365
474,102.81849351882919,48.49487945260855
475,103.12662668815163,48.40486844502027
476,103.22279000795558,48.21998579437837
477,103.10497609611839,47.94488980329009
478,102.88587832667152,47.635750493101305
479,102.7545190552986,47.37986304061869
480,102.81781472247044,47.222452726777654
481,102.96489050905382,47.107062656878504
482,102.89757075827889,46.89323729084156
483,102.3029487725032,46.43769100168831
484,101.0560972385273,45.68638649999212
485,99.37916329382855,44.743938258867495
486,97.85971472542283,43.877646339480485
487,97.19637437686377,43.39972441356947
488,97.74419957065128,43.46394857087906
489,99.24185902101166,43.94826197589709
490,101.03260244923167,44.55803280330721
491,102.58510324441926,45.05832574515197
492,103.78500925859085,45.400233629350645
493,104.76006597236956,45.64109015935213
494,105.54127625754695,45.79546331812587
495,105.95836455795396,45.79080642800671
496,105.80302971068917,45.53925604339638
497,105.02515426630171,45.02178727018524
498,103.79610872611362,44.313667330090304
499,102.44596007880844,43.55581791574872
500,101.3495664331939,42.90557552489559
501,100.80433719888201,42.48584986680275
502,100.91469077956984,42.33900314536821
503,101.54044951888322,42.40799521649898
504,102.38132559335811,42.57209667044046
505,103.15697334180814,42.71893963261449
506,103.73916163476478,42.79630535632685
507,104.14817966943382,42.81078360724735
508,104.44781142458432,42.78644074663076
509,104.64004885111493,42.72235970440627
510,104.6517115971052,42.58685876969807
511,104.4113334877485,42.348994505270895
512,103.90333758932088,42.00126931480103
513,103.11200946525871,41.53747444083798
514,101.94886714780435,40.92365640956842
515,100.36481488498971,40.14304516198462
516,98.63732019201095,39.30947724967188
517,97.46704328501195,38.70272134810435
518,97.58796388557212,38.61097428415123
519,99.1809443025582,39.09973763070343
520,101.69997700319307,39.94788969085031
521,104.26495032834605,40.8067656838902
522,106.17763570897196,41.40387270306509
523,107.14140935915671,41.62716949132366
524,107.2067888921808,41.50121840733254
525,106.6763511635412,41.14771607326186
526,106.02983859059546,40.754222318559144
527,105.74628207942655,40.50419865053328
528,106.02691337534212,40.471341492709385
529,106.66779033470942,40.57403132748679
530,107.25601253413876,40.6538333132163
531,107.51670172027487,40.60842865345783
532,107.4868710182128,40.45502469340811
533,107.38422257103015,40.27757009819641
534,107.33105417765506,40.12188787915568
535,107.23018650850905,39.95048684904649
536,106.91528633846205,39.70025908385078
537,106.36239741870222,39.36152226523515
538,105.7041108362049,38.98279792060697
539,105.09719311392809,38.62186736274998
540,104.65400357280613,38.321049798560104
541,104.46270533065032,38.11452753516026
542,104.58667470098933,38.02690465011057
543,105.02398875819972,38.05733084044015
544,105.67969706845085,38.16984273986316
545,106.38341768265187,38.301334495966074
546,106.96753375269228,38.39082569465736
547,107.36782492908462,38.41510937671218
548,107.64503034299192,38.39522233607021
549,107.89521189897658,38.36402056147063
550,108.14942541690073,38.33119899087181
551,108.359909217231,38.27926796299183
552,108.45384814802755,38.182735419000664
553,108.37412704089999,38.02206898729665
554,108.06999512034184,37.78021997377251
555,107.47972082252399,37.436961199424346
556,106.57365458361235,36.9842368216807
557,105.45996041109579,36.46209732450112
558,104.44556427115157,35.97795920576748
559,103.91694731305417,35.66408472367003
560,104.06889259012489,35.584731399732505
561,104.73569056806151,35.68035576791213
562,105.52525555299337,35.81547077963324
563,106.11277103403638,35.879066095977485
564,106.3877587203704,35.833427887222264
565,106.37372105887538,35.685947158284876
566,106.09143382371505,35.44347309289868
567,105.52918814592923,35.10389714573304
568,104.72574618569472,34.684663891750475
569,103.8519591083602,34.247992735762274
570,103.17530374613159,33.88528374371802
571,102.90275643716,33.66327956991661
572,103.03139641790423,33.57715879295568
573,103.36081043322233,33.558696297259516
574,103.67115649037675,33.536357808153674
575,103.88595181159864,33.48709253950958
576,104.06411187457384,33.431731846364755
577,104.27890598411531,33.39493577617849
578,104.55087756354256,33.38340856755257
579,104.88349591688925,33.39706908279075
580,105.30117350003246,33.44106403697869
581,105.80803765507632,33.513113936199304
582,106.31464678356924,33.58104515899907
583,106.6306869384206,33.58078840211924
584,106.53472194899132,33.43790100185074
585,105.84211133328114,33.088755202878104
586,104.44614906734633,32.49583456733534
587,102.41468436826594,31.68334668132759
588,100.13074610820205,30.78451192413114
589,98.24258597876008,30.02085712966018
590,97.29608266756644,29.576684068288557
591,97.35836850160868,29.475442995909493
592,98.04031222976637,29.58920831198054
593,98.88016797303898,29.765096120004696
594,99.6688309032786,29.932385329396755
595,100.44492424589663,30.102249763566153
596,101.28642408673971,30.299924635991363
597,102.16540713720849,30.516312448406932
598,102.96425410895074,30.71258352157505
599,103.57158663197146,30.851173503927722
600,103.95799130358081,30.91976071261895
601,104.19403620254407,30.93660712636762
602,104.4014696790219,30.935939136874143
603,104.65690567394523,30.93967435707675
604,104.92932512300828,30.939277972540523
605,105.1206275910708,30.907800349407125
606,105.15898903573049,30.82697465909228
607,105.03968919887156,30.698372771147454
608,104.79958140428765,30.534968807880528
609,104.48849104921666,30.352218226768283
610,104.15978813135293,30.165492496822047
611,103.85212905914804,29.98548927839481
612,103.55916765030638,29.81007645986437
613,103.22388886641167,29.62285428117479
614,102.79182368130647,29.408407210180577
615,102.30922885743225,29.180224473475604
616,101.96856145284673,28.993200789804682
617,101.9918615876776,28.909923670840247
618,102.41839736370126,28.940505949961633
619,103.0306383685782,29.02252670740215
620,103.51230205948252,29.066532184694786
621,103.65449743558416,29.014095033141476
622,103.41546072269712,28.853776892415652
623,102.85635702801225,28.602162247605413
624,102.08161325110346,28.28669043395371
625,101.2259820530197,27.942682029234078
626,100.44100859527629,27.611716260277518
627,99.86047679808702,27.334605253486306
628,99.57207731966533,27.143662806596566
629,99.59602877538072,27.0527768170334
630,99.86766532181016,27.047466396964648
631,100.26830814578425,27.092109798869526
632,100.7075737630925,27.15558217712396
633,101.17456378667161,27.228779443186305
634,101.70326590800107,27.3167857789108
635,102.2945387152247,27.417943580122795
636,102.87354635114654,27.512127480436433
637,103.31932018068754,27.568054218019466
638,103.53789780011458,27.56182483785237
639,103.51534355013831,27.490016286179845
640,103.30788816849032,27.366542163717025
641,102.98517966113046,27.207892783075597
642,102.57860091700061,27.02010453351788
643,102.06430686355172,26.794565028049707
644,101.37993111779286,26.512799103293123
645,100.479353531656,26.162786777781086
646,99.41636427012924,25.763891951342124
647,98.38761855117674,25.378410270116593
648,97.6617835800817,25.087783796242245
649,97.42670539895622,24.945313633432754
650,97.66853950261826,24.942695961947653
651,98.15451909299873,25.01118121925574
652,98.51327595935233,25.049140822753866
653,98.39418788885534,24.96477936581242
654,97.69012847322692,24.7311821802805
655,96.7125877832408,24.429394774797874
656,96.09373140319694,24.22229444461728
657,96.36442037642165,24.245576215886445
658,97.55676896246237,24.506033640503038
659,99.22374651721901,24.887416116326857
660,100.8101992430981,25.245966906764053
661,101.97525210463448,25.493264695119745
662,102.65441228300547,25.612407770941683
663,102.96268002990132,25.6331921555429
664,103.07407953716186,25.60092468965187
665,103.12370077261109,25.551042224609866
666,103.16369523113899,25.497718115568638
667,103.18527982311424,25.43938075760387
668,103.16163060387692,25.369614055535482
669,103.07089036340292,25.283098902373954
670,102.91123421818908,25.179476697753397
671,102.71742539226616,25.06744772850295
672,102.5498744265957,24.962016519519064
673,102.45010109071372,24.873496622519312
674,102.41436280106973,24.801014569660985
675,102.41861282929952,24.738586602499062
676,102.45199036528821,24.683317095382524
677,102.51001012999059,24.633866635507513
678,102.56712791329385,24.583944515224044
679,102.57494185715572,24.5219389767526
680,102.48410552301317,24.43615276422072
681,102.24189388405294,24.314087310838254
682,101.73117721505035,24.12763519253985
683,100.68688025478023,23.812923438904004
684,98.71712474650961,23.275313154853453
685,95.56457021746655,22.45190857725157
686,91.51708261427947,21.409736099476707
687,87.53957799607208,20.37752243022206
688,84.79003463971769,19.63097795117402
689,83.85275262695731,19.31044099809574
690,84.42544935111279,19.345492097206666
691,85.6985292806553,19.544614429227316
692,86.96938899015346,19.743470110830092
693,87.98660840703081,19.889642719033166
694,88.88577330910589,20.025359713287678
695,89.85720417664265,20.200912387150073
696,90.83642160878274,20.39523742069988
697,91.50083880794244,20.517991595773175
698,91.57573009851136,20.49200732796714
699,91.13063915772204,20.331369504222614
700,90.56888667680846,20.137796232989423
701,90.34125533024304,20.025341884033335
702,90.65636510662065,20.046151348554975
703,91.40650485297871,20.17312212830507
704,92.31636992201342,20.338702447788144
705,93.15564031293009,20.487954007780658
706,93.83975894190533,20.602226133696007
707,94.38108081663385,20.685431254706998
708,94.79760766310591,20.74096201055103
709,95.07945565424976,20.764224125125587
710,95.20320695932053,20.74718779356122
711,95.12522667159998,20.677311605914106
712,94.7209183592284,20.52365051173588
713,93.7128298926717,20.221542361657367
714,91.69044598085743,19.679521136687647
715,88.31684492431461,18.827973889756034
716,83.68321760610492,17.697695580285345
717,78.5546989029842,16.46963829641953
718,74.19169215229691,15.428742678162727
719,71.71669768041859,14.821319087475844
720,71.41811522708842,14.704836055349203
721,72.53096376853418,14.904672926780105
722,73.73884424981941,15.12668410307031
723,74.06319669829503,15.152674134333711
724,73.41403689023733,14.961782797896088
725,72.37784336881084,14.684117654556596
726,71.59092276061591,14.461743220344033
727,71.35605021440523,14.362515089349843
728,71.70612240144645,14.393491629412756
729,72.63413674200038,14.552533759417408
730,74.19619608469904,14.852294974962824
731,76.417143542908,15.299622025378202
732,79.11563479977502,15.855588888273592
733,81.86064263621832,16.42415682920158
734,84.17650123464468,16.897644883622036
735,85.83904791938784,17.224864923723686
736,86.97129323494754,17.43470788527917
737,87.86340498936664,17.59542088242918
738,88.73156596838686,17.757744702444818
739,89.63257435712961,17.93351025189412
740,90.52994522172757,18.11080737533696
741,91.37553489428255,18.274489743092378
742,92.13123442005109,18.413189179972864
743,92.75752944575122,18.51762456553884
744,93.21663271400378,18.580705757313304
745,93.49589140311997,18.601400513173864
746,93.6222115263786,18.586892565245307
747,93.64885677182161,18.54941734078675
748,93.6280559079874,18.50053210067947
749,93.59192975284913,18.447348846965163
750,93.54948181157881,18.39214038984976
751,93.49367438072252,18.33390950730681
752,93.40641796613986,18.269417299030874
753,93.24187753570807,18.189899095386217
754,92.85524205633885,18.067204957119074
755,91.85051141535244,17.82441548166151
756,89.41967015315568,17.305171276980207
757,84.44759882948696,16.294622855896762
758,76.1837612907076,14.649052271007479
759,65.23788748303038,12.48612987181668
760,53.90822406634995,10.24590471223757
761,45.134712015150605,8.489787313785417
762,40.86125829603809,7.589386901903269
763,41.34181038862444,7.596315863909754
764,45.69497644788664,8.348150852461247
765,52.65505943038773,9.610019954678007
766,60.851409272230974,11.125992325999295
767,68.92697983855354,12.63979148533877
768,75.81064473138021,13.94504029018482
769,80.97787968161091,14.934901335294986
770,84.46243306370255,15.60665616504356
771,86.62855481305009,16.02176711630685
772,87.89513916693485,16.255703255512643
773,88.57977685507409,16.36848776898382
774,88.88584693183962,16.40085143685881
775,88.95053214116516,16.38154722562892
776,88.8794353325545,16.332762443921006
777,88.75625149815761,16.271739764346655
778,88.64149450894594,16.21080137373925
779,88.56139934003214,16.15548453526241
780,88.49512464690557,16.10219575838392
781,88.38614255337548,16.04030736609593
782,88.18158649783894,15.959452418130567
783,87.86163272424507,15.855025257418209
784,87.42652409405704,15.726000487127314
785,86.86395935315433,15.56937052214934
786,86.14834427030691,15.38064410302353
787,85.28131682208272,15.161865211343569
788,84.3283645335153,14.928460312153806
789,83.41075153372206,14.707078162568292
790,82.65747383152971,14.525151742870879
791,82.15070995744104,14.398794605017223
792,81.89353561623514,14.325589108142141
793,81.81178201453518,14.285775736317227
794,81.79399541275498,14.252666246019656
795,81.75762637973014,14.208229214360117
796,81.68738448852766,14.150895626174446
797,81.59030973662803,14.084386075470048
798,81.42095549876397,14.001491485493085
799,81.13149425281308,13.896641029061652
800,80.81507476636015,13.795052510384934
801,80.6398623709386,13.732740592371657
802,80.67567833528823,13.719771694336949
803,80.89350095075805,13.745149449858577
804,81.21659387450637,13.79008484726432
805,81.52542856229472,13.829337345537043
806,81.6605424825228,13.831494904704773
807,81.459943378271,13.765972103143953
808,80.80369921792365,13.611464068041043
809,79.61549621613815,13.356310103433454
810,77.83203639436569,12.99265198855077
811,75.4095794668842,12.516855709642485
812,72.40166930999916,11.942247349492643
813,69.04564022212683,11.313344885947608
814,65.75239854798595,10.703474685844052
815,62.978503893785394,10.192299474707339
816,61.082469040971915,9.84088047210468
817,60.25586313363223,9.679978549806242
818,60.48569742203034,9.704188492858325
819,61.480658969048186,9.86004023353356
820,62.674501236577804,10.047206572782567
821,63.50419348860252,10.167026793066693
822,63.844897227214425,10.198337219207493
823,64.10321636016612,10.213913798214168
824,64.73004492564392,10.295078166990379
825,65.6804324752154,10.43597427678888
826,66.49025732038707,10.555619889538397
827,66.82425078390573,10.593841151388085
828,66.78626858556727,10.566893399721875
829,66.71808104274608,10.533467556094111
830,66.85574280919421,10.53483973243324
831,67.23690104782504,10.578061256007215
832,67.8379416185555,10.659112871924204
833,68.67297824203551,10.780099655427017
834,69.73626729794604,10.939972197712878
835,70.92151516303652,11.120975940038967
836,72.059523717319,11.294704520225048
837,73.02968055376178,11.440676039423066
838,73.81221268549527,11.55523349472149
839,74.44645237149365,11.644759519618058
840,74.96918561784933,11.715481412116791
841,75.3968231627297,11.77039323802551
842,75.74405441302765,11.812033568502843
843,76.03536972918766,11.844221383787643
844,76.28409175644371,11.868817676219546
845,76.45626737986967,11.88007182689564
846,76.46405874637658,11.863602767417785
847,76.21431271799445,11.804344907414992
848,75.6880231944955,11.699450699189184
849,74.98089504050346,11.564652947883744
850,74.23036637132816,11.422507116349003
851,73.47303007154481,11.279955169966103
852,72.64554120208194,11.128278947824976
853,71.82082833504991,10.979116137186368
854,71.36834115808615,10.888661272744072
855,71.69377343158841,10.917863690581372
856,72.78714358583721,11.064004590133772
857,74.15510237635478,11.251148920405114
858,75.23545266656427,11.393630679337662
859,75.8002522476602,11.457113735345331
860,75.96347892724827,11.459264697720222
861,75.90617418435778,11.427795772867164
862,75.64225204182141,11.365086752491305
863,75.01519112643776,11.24790207225169
864,73.91509418164273,11.060146991308926
865,72.5368066283074,10.831371788112769
866,71.40341744146427,10.639813191675639
867,71.03816251315297,10.563081275673913
868,71.56169476596031,10.618383299204245
869,72.62785551960714,10.75364046013526
870,73.72497092550324,10.892740213592422
871,74.49086154397918,10.982240442370877
872,74.80341748392063,11.004464550903467
873,74.7174997610495,10.967870975994153
874,74.38770367030327,10.895457601310268
875,74.00198033286122,10.814881181057565
876,73.70023743428911,10.746530422286046
877,73.5077848668681,10.69396178731585
878,73.34918137006484,10.646142296262953
879,73.14454175271,10.591555926980005
880,72.89710831531252,10.530829114795562
881,72.67805217288358,10.474383922942854
882,72.52710066962119,10.427969626136381
883,72.39297573209839,10.384040398435967
884,72.19104358025781,10.330193886433664
885,71.90751834135803,10.264439198363887
886,71.62323430601755,10.1986689200356
887,71.42472535477101,10.145426694290805
888,71.29046847121981,10.10094643294823
889,71.05618078736113,10.040008032566558
890,70.47616238671932,9.925261862012011
891,69.3186747796266,9.7219001025026
892,67.43799219075426,9.409069098285716
893,64.81306198354532,8.986097410861937
894,61.56484911197802,8.474732604752017
895,57.949441185029706,7.916683304665399
896,54.30758339044921,7.364098999571365
897,50.983974583795316,6.866198234900179
898,48.28114352485989,6.462862109068752
899,46.4735271409082,6.18908156801549
900,45.80688334422023,6.077698159914358
901,46.403952372171794,6.14676666810789
902,48.09164251888682,6.373364259452918
903,50.265458119866075,6.672242989780578
904,51.986572412107854,6.908988540689412
905,52.41690193058134,6.96279577178435
906,51.33695025219299,6.801308268508965
907,49.27575527575164,6.49938746020592
908,47.117843216968566,6.182689559486822
909,45.541134301810075,5.947389765386863
910,44.70546536971011,5.816137104801951
911,44.32793697253349,5.749011726195747
912,44.015780827004264,5.6906600852469555
913,43.59465392527203,5.61670617022334
914,43.1926465993681,5.545656076758786
915,43.08341387665012,5.51645270022689
916,43.5125799566909,5.56349210399855
917,44.6183368842176,5.705536187460591
918,46.34951560661767,5.935005475352817
919,48.36526186005503,6.204465303279368
920,50.09656062547371,6.43487018179913
921,51.04722524525133,6.556806617501862
922,51.08933725104813,6.551427885002937
923,50.45124101859436,6.449565197793825
924,49.40871914519044,6.2901977787332815
925,47.96330513412866,6.076627115231591
926,45.78279123765282,5.767596413369424
927,42.46997609282218,5.312818638270914
928,37.93480082369503,4.70295030861638
929,32.52283406283764,3.9867128148811672
930,26.821364577243028,3.243880357809434
931,21.410840491106327,2.5503679976647704
932,16.773144765042503,1.9650984834140983
933,13.273139255375812,1.5288452160697887
934,11.095403436653125,1.2589860584742174
935,10.216354003054887,1.1483566975779942
936,10.504746197114914,1.1785313031901636
937,11.812306810801168,1.3306431156277088
938,13.862050953931995,1.5712548477948656
939,16.07419370757183,1.8310189226457803
940,17.698094558823183,2.0205145364716106
941,18.25680097557801,2.08340748090603
942,17.83950734410763,2.0308680859880304
943,16.951083614140217,1.92298535493971
944,16.140168615847852,1.8244661525095776
945,15.740202413093499,1.7744966136932918
946,15.818704024837835,1.7811980308641742
947,16.254910235084207,1.8305046948572423
948,16.852512177694734,1.8988616334862785
949,17.435191490882755,1.9645263165733349
950,17.901974545513607,2.0149375482916563
951,18.24477764918417,2.049603622677624
952,18.539293832750158,2.0789852408120364
953,18.90229026874241,2.11855883807529
954,19.430173927558084,2.1805344507174174
955,20.164555447695808,2.269329500829904
956,21.077451780806438,2.380113921553368
957,22.06136371313921,2.4984223496923588
958,22.993482635902005,2.6086191356908626
959,23.867190255231993,2.709974525287723
960,24.812031007266544,2.8188599015522158
961,25.94446701772555,2.9503345911519605
962,27.254968819355135,3.104034782791697
963,28.67877420829604,3.2724613615085087
964,30.249759674696147,3.459914686183268
965,32.1589859624092,3.6900911539595675
966,34.62163202992964,3.9896546730298414
967,37.61989672138006,4.356007189404143
968,40.76277180459497,4.739856383009404
969,43.43894842386128,5.064602377320562
970,45.13246777520568,5.265741615602569
971,45.6399846982269,5.31780205677945
972,45.11811688899456,5.2404162386007105
973,44.02752530351661,5.091654338863115
974,42.97601736305937,4.948309902043694
975,42.46528539012925,4.873772441385812
976,42.677414240410855,4.890995747765041
977,43.46715121801853,4.981560765291028
978,44.56611605563455,5.111523149232279
979,45.80376515802371,5.259360365988343
980,47.141114225597455,5.420235321715245
981,48.55351771886776,5.5910809423600645
982,49.97025551815061,5.762736244319069
983,51.33160491448862,5.927139331290886
984,52.62948864675722,6.082935362063081
985,53.86120910024652,6.230057254118745
986,54.97964197366114,6.363108428496502
987,55.9133260906068,6.4732199393952286
988,56.622043743219024,6.555002777274583
989,57.121736430470506,6.610253611572273
990,57.46675177288484,6.646034317659117
991,57.71989542878953,6.670592241901151
992,57.93225157800447,6.690408615936148
993,58.13081891048331,6.708632881627646
994,58.30833091717519,6.724048480371577
995,58.42596255552439,6.731554506596169
996,58.440674838377554,6.7255776044203
997,58.340843675805026,6.704471670554552
998,58.15812536341724,6.6719763814263295
999,57.94436008127576,6.63446455133883
1000,57.733704445997745,6.596553704201239
1001,57.52362792229011,6.558959710279304
1002,57.2920024573123,6.52022400796662
1003,57.03618293463905,6.480560189902354
1004,56.801173403623814,6.4445963339474375
1005,56.66206714982315,6.41963720886349
1006,56.65909860603881,6.409068438446875
1007,56.751921859450455,6.40787661594318
1008,56.857903176667534,6.407281039289967
1009,56.92979537666588,6.40320092709546
1010,56.976515242003,6.397712325816923
1011,57.02095893928479,6.393506933679984
1012,57.06553204039409,6.390067115397579
1013,57.096829179177426,6.384932957467607
1014,57.10249471677406,6.376222146374889
1015,57.07692102871525,6.363323992096161
1016,57.01877735992134,6.3463078195905815
1017,56.929414676551005,6.325490342885412
1018,56.81400247523359,6.301555835407303
1019,56.68103983689556,6.2755778699774485
1020,56.53812242751081,6.2485043367758255
1021,56.390739043797595,6.22095468319874
1022,56.248736711323566,6.194050194790493
1023,56.129004888793084,6.169875628552254
1024,56.04222350569902,6.149898503185906
1025,55.97679132051628,6.132880772969721
1026,55.9055647007836,6.115572326495412
1027,55.81404677738143,6.096124071326175
1028,55.717843059767546,6.076227122410233
1029,55.647720979943344,6.059337500849585
1030,55.61871531673845,6.047076369040534
1031,55.61597489825158,6.037687605478591
1032,55.60740578192835,6.027557668243602
1033,55.564281709989864,6.013521813135638
1034,55.47179605650765,5.993973740064425
1035,55.33240689452569,5.969193747876193
1036,55.169075833168904,5.941698271708228
1037,55.019969909794334,5.915658910496007
1038,54.91595999276521,5.8944483939258285
1039,54.857246251190055,5.878113900229126
1040,54.81481658773054,5.863556994414818
1041,54.753982517678246,5.847083551596055
1042,54.65337067722428,5.826432060574885
1043,54.5083425783248,5.801114207162559
1044,54.330677884005745,5.7723677440629695
1045,54.14886497860434,5.743190465405811
1046,53.996638052323135,5.717125334618739
1047,53.88919425723368,5.695743443353584
1048,53.81094347581655,5.677369085274048
1049,53.7304411450953,5.658683720880397
1050,53.624974998973634,5.637319188834083
1051,53.48955423898451,5.612776854679009
1052,53.32884346394674,5.585554927363065
1053,53.14619164076424,5.555991380674384
1054,52.9377232068607,5.523650661723142
1055,52.69217462449232,5.487320475775152
1056,52.39852182548926,5.445834297541071
1057,52.06146280711917,5.399707689027977
1058,51.713031374340964,5.3523297155086915
1059,51.40331001058519,5.308936805028583
1060,51.17053856141484,5.273468572862133
1061,51.01423191436507,5.245823970291016
1062,50.89412137056397,5.22185113018897
1063,50.75416892501962,5.195886326918162
1064,50.55136531072785,5.163685940288973
1065,50.27041176553018,5.123846539923061
1066,49.924189743220175,5.0777893384575
1067,49.55492234580876,5.029877290935259
1068,49.23680486923208,4.987699317594934
1069,49.05276328926834,4.959667995575368
1070,49.03653583871431,4.949074569926949
1071,49.134621961357944,4.9502572197897425
1072,49.24434471591655,4.952581271105876
1073,49.29265021376525,4.948488506254244
1074,49.268560075236536,4.936731391530416
1075,49.19002250279871,4.918995414237966
1076,49.06504492863285,4.896090402435921
1077,48.890763858077634,4.867963966685096
1078,48.6708269833167,4.835317184116893
1079,48.418083809528774,4.799610786008608
1080,48.14308177619441,4.761825835492126
1081,47.843929203245146,4.721497262039007
1082,47.506464803098226,4.676756923087659
1083,47.12110274268111,4.626259924076875
1084,46.70885878166536,4.572309009274091
1085,46.32876287264791,4.521776789090028
1086,46.04543375041911,4.482232119849902
1087,45.87220689658122,4.455326777838446
1088,45.741868974360976,4.4336109157668835
1089,45.5378506431754,4.404279676627419
1090,45.150423496396364,4.355574732558429
1091,44.514613493491325,4.280882900564018
1092,43.6436286655087,4.181999269521859
1093,42.65537260165551,4.0714971341278785
1094,41.725749382117485,3.9675528719953617
1095,40.95976853452144,3.880602199566448
1096,40.29684374401256,3.8039130365565224
1097,39.562914837200545,3.719391777046205
1098,38.63214341974868,3.6145000181168614
1099,37.53302451895425,3.493069625349935
1100,36.39675861165522,3.3694269156622103
1101,35.33217924921581,3.2549437451141277
1102,34.36391725553751,3.1517436537833965
1103,33.454685098510964,3.0556157167833238
1104,32.55707964693206,2.9616718152037347
1105,31.656522822027952,2.8684322236606423
1106,30.773675275338,2.777674878930903
1107,29.914608869969694,2.6894858493577516
1108,29.017186671876278,2.597465457776255
1109,27.94570830918779,2.4889103076509946
1110,26.53390895783973,2.3492566219176725
1111,24.657049024667998,2.16838406727484
1112,22.303001373354178,1.946358653764464
1113,19.590650285829998,1.6947031378189374
1114,16.723944630862604,1.432258392889479
1115,13.940159574016265,1.1803838146127466
1116,11.477620604052806,0.9597477080435118
1117,9.5104788062198,0.7846812181278038
1118,8.063173347691539,0.6563322232723492
1119,7.0148966297254045,0.5636570761674439
1120,6.211314301665252,0.4931950872543684
1121,5.564782954165546,0.43733848091858774
1122,5.059995243928442,0.39443795885124816
1123,4.693238372370255,0.36366114596693183
1124,4.427462197828945,0.34147865347943884
1125,4.2196863915110425,0.3240647036373098
1126,4.088341462148293,0.31280369886691295
1127,4.142386024572489,0.31660205597219326
1128,4.531111319615729,0.34767555557800356
1129,5.304512232448518,0.4100627910789663
1130,6.247958695696314,0.4862538230397251
1131,6.900264697980877,0.5388792215490289
1132,6.892380980464662,0.5381930878499271
1133,6.350356598537567,0.49439521436282075
1134,5.903529128827567,0.4580844592622588
1135,6.215990867201758,0.4827037069019974
1136,7.4731126137845445,0.5835223504494688
1137,9.274577832544331,0.7287924515263913
1138,10.95666673764865,0.8649576877109936
1139,12.011650827441533,0.9502138415370579
1140,12.290134796820366,0.9716409888091833
1141,11.913693959028965,0.939093050844145
1142,11.057164725686746,0.8675361914024023
1143,9.85546713902007,0.7686605561362002
1144,8.51934222017623,0.6597125649705319
1145,7.4314888154941565,0.5714258483357673
1146,6.98458909892978,0.5351813053607072
1147,7.284991672280768,0.5591009627441986
1148,8.066247015975849,0.6212021634094023
1149,8.925479211701425,0.6888301645029273
1150,9.627282934031326,0.7433594680421326
1151,10.187857133411567,0.7867192712900404
1152,10.757148971516422,0.8314360621282507
1153,11.499149960324786,0.8908097597872543
1154,12.534990390442074,0.9745670767180564
1155,13.884811345743199,1.0844088284780549
1156,15.4250728928934,1.2103878032829756
1157,16.95165626891314,1.335730857096588
1158,18.337896161074728,1.4498907777714827
1159,19.643989569084443,1.5580501870803392
1160,21.05105284406793,1.675767905512292
1161,22.65271711196017,1.8110178487005906
1162,24.29715304869878,1.95039363555324
1163,25.664436696394745,2.0658838583802384
1164,26.54307278164341,2.1390624056493874
1165,27.03974755884934,2.179342423636094
1166,27.499000902502434,2.2168917826845083
1167,28.212440750637057,2.2772735512758673
1168,29.204196543951376,2.362666821625833
1169,30.253205742080468,2.4536200965395967
1170,31.06593863422511,2.524118396217255
1171,31.44922520345438,2.5569777835766145
1172,31.41923882138869,2.5536178090208423
1173,31.208349054655457,2.5345593889712243
1174,31.113255909574505,2.5258240342684704
1175,31.260168676485687,2.538133660861421
1176,31.527503663552892,2.560116136108642
1177,31.71125788302444,2.573054807634986
1178,31.700174451920564,2.5667699035136553
1179,31.472545164255557,2.5398119338271457
1180,31.04817241908096,2.495101540659208
1181,30.540906740030064,2.443707050478771
1182,30.17200155606604,2.405332746684006
1183,30.111759412831674,2.394626320929977
1184,30.31605507306087,2.407534199516834
1185,30.565294225577837,2.424998309065158
1186,30.673324257202037,2.430895092030154
1187,30.675706172285164,2.428055340602995
1188,30.812704740678296,2.4368066060984197
1189,31.292904113485147,2.4748336676758447
1190,32.07728058866643,2.538754835464066
1191,32.91051279498467,2.6067250161883497
1192,33.52375882653571,2.6556416319528773
1193,33.78801883235714,2.674327617233174
1194,33.7304001852743,2.6652738755214886
1195,33.4559223088509,2.6381112953692325
1196,33.053558699653685,2.6010916794068573
1197,32.5736844027163,2.5584299379605246
1198,32.08666394330933,2.515233437264124
1199,31.704980871075282,2.4802026597577878
1200,31.500037236342052,2.459418786189567
1201,31.43768159022904,2.450842374043847
1202,31.45691206410177,2.4500754284917203
1203,31.58617578300408,2.4593904517628067
1204,31.90485074264142,2.4846422229839615
1205,32.38629069026011,2.52289974353998
1206,32.85718371688972,2.559566719263054
1207,33.14927917899915,2.5808630880180874
1208,33.239795294581555,2.584986627881856
1209,33.21313618477718,2.5786492364068776
1210,33.146985784167995,2.5678756869783674
1211,33.084249567083965,2.556209418841014
1212,33.07246409398409,2.5482483949835646
1213,33.174935299326854,2.55029487532589
1214,33.44246461025993,2.567430647440888
1215,33.8797118697789,2.6002992564261485
1216,34.42154334534041,2.643133589623482
1217,34.94502579993438,2.6850849665545797
1218,35.33210673403739,2.715813853809455
1219,35.53494223998784,2.7310809994381726
1220,35.586798518548854,2.733528508349019
1221,35.56605379815983,2.729462484546546
1222,35.5530033605851,2.7252424192351126
1223,35.59569931479504,2.7247094595927925
1224,35.693043571243805,2.7280269108058386
1225,35.81492829027566,2.7332536942003745
1226,35.951204970107284,2.740062459776754
1227,36.13351993720184,2.7512991296052216
1228,36.39601580545826,2.7697180007527296
1229,36.722055930864656,2.793705847104101
1230,37.04483396720348,2.8174854341531566
1231,37.30086252806135,2.8356558683074398
1232,37.47667843906001,2.847098251615885
1233,37.60370087384501,2.8544847363614703
1234,37.7139132019806,2.860489735372661
1235,37.808466033988516,2.8651578048541997
1236,37.868569458828304,2.8668958289592363
1237,37.882787418223636,2.864785339141067
1238,37.85585305087453,2.85922818175575
1239,37.801889777977955,2.851313104861505
1240,37.73843134439233,2.842404433424307
1241,37.679872095023754,2.8337216519284625
1242,37.62850290027216,2.825571273157469
1243,37.573978999500476,2.8171745453231156
1244,37.503709410926234,2.80747744444006
1245,37.41112548690272,2.795895152943459
1246,37.294777817073886,2.782297811328146
1247,37.154817064088476,2.766728042471872
1248,36.99178445964623,2.7492891937572828
1249,36.8055858273107,2.730042863622791
1250,36.594484493969375,2.7088937084682363
1251,36.35681196844104,2.685705652663964
1252,36.093604694952546,2.660536787860231
1253,35.807507184045676,2.6335925601255665
1254,35.49819406010367,2.6048443083638406
1255,35.158140482778904,2.5736067235104305
1256,34.77011467365868,2.538303739492737
1257,34.30746954545652,2.4966344723941805
1258,33.74162923875257,2.4464319781334907
1259,33.05838895179003,2.387127490376141
1260,32.27459391931828,2.3209515221637895
1261,31.441837949035786,2.252777798486109
1262,30.631161298294657,2.188377420338997
1263,29.902438600928303,2.1318399552907477
1264,29.26682501097764,2.0831018651238553
1265,28.66622329983386,2.037103196382543
1266,28.019005419840486,1.987544738901007
1267,27.34612237958808,1.9359282003127252
1268,26.863506232149767,1.897931856245684
1269,26.875843485283447,1.895696644412169
1270,27.51132679687121,1.9388161599424538
1271,28.579005649827465,2.0139188489263593
1272,29.71932989491135,2.095174394701583
1273,30.667652020952495,2.163181377597105
1274,31.359781144736246,2.2128095607091303
1275,31.85248602635216,2.247716639720141
1276,32.211972325902025,2.2723966777695006
1277,32.46649141968915,2.288817332872832
1278,32.61369870792643,2.2970439580230773
1279,32.651941118769635,2.2974692489016753
1280,32.61645642958182,2.293103352110928
1281,32.59398569761796,2.2901915959844557
1282,32.68699959277359,2.2955547969706807
1283,32.93651028019464,2.311426072723809
1284,33.26985326174868,2.3321118170423283
1285,33.53791255190904,2.346753678959992
1286,33.62129760066338,2.346920178938827
1287,33.51416430814389,2.3327376460404885
1288,33.313038557809065,2.3120746711470948
1289,33.12338965806678,2.2933285258082328
1290,32.975708098630136,2.278774321849877
1291,32.82624758262861,2.2646143227651314
1292,32.61208868052115,2.2455338117648105
1293,32.28577923709486,2.217688489087676
1294,31.83065784481765,2.179905644258939
1295,31.293089073445802,2.1359665920670907
1296,30.78848570927459,2.094903654653706
1297,30.421567767571293,2.0648346260899832
1298,30.18661208245192,2.0453192329542813
1299,29.973105866949137,2.0278082293916726
1300,29.667419516597366,2.0035038414273636
1301,29.221627998952208,1.9687308693944228
1302,28.6475510154441,1.9244259117550246
1303,28.003795013897935,1.8749129548170815
1304,27.383421956675388,1.8268917285993362
1305,26.859000752229807,1.7855298434845182
1306,26.429852169528182,1.7507619109117036
1307,26.039277459996768,1.7186594139403792
1308,25.62810889834567,1.6853720266839365
1309,25.157933549212753,1.648672643106225
1310,24.594967262636164,1.6064817161775204
1311,23.899081844763103,1.555838505320375
1312,23.079572058007688,1.496913630777708
1313,22.284460127697205,1.4396225773936575
1314,21.76168240508187,1.4011536071916353
1315,21.639019780236598,1.39051304798362
1316,21.74542191580975,1.3958436175445106
1317,21.720533940975937,1.392003814988793
1318,21.333626325486094,1.3628797818473215
1319,20.66757969339652,1.314241634148876
1320,19.981063760473365,1.2641335640392117
1321,19.454808816905015,1.2252480997448314
1322,19.117417083276848,1.1997757126212751
1323,18.92647374655955,1.1849666643361045
1324,18.78391519046754,1.174198686459261
1325,18.48034523585371,1.1532407160311071
1326,17.757763269354466,1.104598207861257
1327,16.50137409996427,1.0205538255969877
1328,14.848602805065047,0.9104934844085107
1329,13.105923839945259,0.7951205603283396
1330,11.595377677195986,0.695811567477608
1331,10.564775495832011,0.6284021503973289
1332,10.13956989603333,0.6003101172483364
1333,10.260133464538534,0.6070829528605399
1334,10.668447677853795,0.6319213583354842
1335,11.032339707080183,0.6536338712254448
1336,11.139052964995926,0.6588495322507492
1337,10.979974240473638,0.6472764756989601
1338,10.660843219267061,0.6258558087980601
1339,10.2624436287312,0.5998307538028638
1340,9.785954497443937,0.5693729450485712
1341,9.170677750133795,0.5309395087921736
1342,8.328162273493225,0.47947240525693197
1343,7.206121304341027,0.41206587384158555
1344,5.863622109537926,0.3323171757691534
1345,4.464859931470274,0.2500244158340083
1346,3.183870469561696,0.1755610657154615
1347,2.1280787587225354,0.11518786854822535
1348,1.3339626007785212,0.07069089322049302
1349,0.7885819755265993,0.0408244350311779
1350,0.4445055473057658,0.022461789297462235
1351,0.23976879242150667,0.011849651962336564
1352,0.12159961884182637,0.005903048104356742
1353,0.05605904738039078,0.002684288487001861
1354,0.022763675158625745,0.0010771833534855856
1355,0.00800450369859473,0.00037399121980587126
1356,0.0024368119140488224,0.00011202799417812855
1357,0.0006522418521210059,2.9329151899364675e-05
1358,0.0001587429678606262,6.9189183510883965e-06
1359,3.7322160680739336e-05,1.5574662784331997e-06
1360,9.203528546485743e-06,3.6426983816659673e-07
1361,2.513463420479349e-06,9.481045424441748e-08
1362,7.855031767326482e-07,2.858111960540089e-08
1363,3.322997060101025e-07,1.1693422792979068e-08
1364,2.1898257792818249e-07,7.494760138452786e-09
1365,1.7820077906463863e-07,5.995084164033376e-09
1366,1.477793327943195e-07,4.920540827887175e-09
1367,1.454840314225215e-07,4.908783286641646e-09
1368,2.8392890234011217e-07,1.001289846851888e-08
1369,9.454838049350846e-07,3.4039014719633186e-08
1370,3.206159950495468e-06,1.1597181058856544e-07
1371,9.526740398529931e-06,3.4529088032971224e-07
1372,2.4395780817830415e-05,8.859693945661866e-07
1373,5.406700340776398e-05,1.96790762912449e-06
1374,0.00010404196892821704,3.7955288962119447e-06
1375,0.00017324319720945144,6.333183326972929e-06
1376,0.00024701355368758946,9.045298295121735e-06
1377,0.00029728673027585895,1.0899992297948968e-05
1378,0.00029776702177119314,1.0927065975233215e-05
1379,0.00024541339607708084,9.010625981487247e-06
1380,0.00016518986413028582,6.066621346932135e-06
1381,9.067142066884928e-05,3.3302479478863737e-06
1382,4.164201298556027e-05,1.5307165773213235e-06
1383,1.992521605031572e-05,7.362467824570201e-07
1384,2.058240688058397e-05,7.644024557833272e-07
1385,4.323030200899364e-05,1.597247463209942e-06
1386,9.46829874318483e-05,3.4806489088740988e-06
1387,0.00018192609702296934,6.672854194415314e-06
1388,0.0002987203068400305,1.0956077405029521e-05
1389,0.00041603777588622833,1.5275416132750422e-05
1390,0.0004903098881845759,1.802607938856772e-05
1391,0.0004915416312372577,1.808931666630165e-05
1392,0.0004328157485743371,1.594468113189211e-05
1393,0.00037746488352067745,1.3958704356962052e-05
1394,0.0004149730341744755,1.5491178197147398e-05
1395,0.0006123205202068357,2.306512754567752e-05
1396,0.0009647600043200018,3.6520425585492983e-05
1397,0.0014018216498442664,5.3279269557207206e-05
1398,0.001889976202309499,7.227548356660671e-05
1399,0.0025371150348102037,9.78668229429289e-05
1400,0.003496423257635305,0.00013596017947886807
1401,0.004672556034841329,0.00018256492431151892
1402,0.005602796056642753,0.00021929656314117338
1403,0.005803065995663025,0.00022705843296488704
1404,0.005255705646228077,0.0002052211006234646
1405,0.004474203095684207,0.00017430727737837497
1406,0.004213762840078458,0.00016527413958636265
1407,0.005499032274839357,0.00022232215901274647
1408,0.010220790292159216,0.00042899706709712617
1409,0.021426501965240537,0.0009203753828440492
1410,0.04191304038369073,0.001821456724515509
1411,0.07133036658639275,0.0031205624010206476
1412,0.10504608887757297,0.004619350130848055
1413,0.13739000018994132,0.006073064103510088
1414,0.16535136347711618,0.007347245556326312
1415,0.18665649854930585,0.008327819514697753
1416,0.19624520125361483,0.008772026486554728
1417,0.1912289067966749,0.008546862236979784
1418,0.1810561707796557,0.008091653241374702
1419,0.1868560802762598,0.008375739934053602
1420,0.22560611021693067,0.010167190655432142
1421,0.2957122575187916,0.013380566837583558
1422,0.3810221293402086,0.017277371396283686
1423,0.4682378225908331,0.02127355942666152
1424,0.556036206047669,0.0253491003958495
1425,0.6481074393242543,0.02970992721892612
1426,0.7482589330513786,0.034557842857513815
1427,0.8670872361577641,0.040405476148394966
1428,1.0155094054661975,0.047755369087126916
1429,1.1724635052189951,0.05554217285032987
1430,1.2732367429846303,0.06057442760334996
1431,1.2602829685054286,0.0600066265140576
1432,1.1454632151030377,0.05438888787625691
1433,1.001024061283847,0.04726132701686531
1434,0.8921916182367137,0.04185996647595151
1435,0.8360157601310401,0.03905156324759358
1436,0.8184290429050526,0.038129868416032
1437,0.8257046853807906,0.038379990959452596
1438,0.8505692428542851,0.03942725086309625
1439,0.8841321737789788,0.04085416960977821
1440,0.9206781712801696,0.04240424961238035
1441,0.9681457959060923,0.04447357930792882
1442,1.039235432117948,0.04769771303667151
1443,1.1350844302704892,0.05217578454200959
1444,1.256635581389104,0.05799388672061393
1445,1.4281672879764074,0.0663208391500174
1446,1.6733985767305306,0.07825011223673789
1447,1.9510271473392264,0.09172476712019365
1448,2.1519802020652268,0.10144160014951482
1449,2.2082780763785346,0.1041160687681583
1450,2.198607683491671,0.1035736223592232
1451,2.3017661865371175,0.10849640189098306
1452,2.6274569853046086,0.12423434073339089
1453,3.117322982290295,0.1479946725499227
1454,3.6318457032950375,0.1730473303484607
1455,4.106078263862042,0.19630152664764264
1456,4.571341959355034,0.21933588553901948
1457,5.02483271175504,0.24194589039329084
1458,5.342781856688895,0.2578506006844682
1459,5.383252109732898,0.2598559224595654
1460,5.163857555739767,0.24880310259772648
1461,4.8773125674280235,0.23440198612142443
1462,4.702249766599705,0.2257173381142251
1463,4.622127983928244,0.2219732723188932
1464,4.456681569989586,0.21404921401850455
1465,4.067271266631,0.19482606538340252
1466,3.5050215722762528,0.16675394864190818
1467,2.943266305185579,0.1385712914252241
1468,2.5021114648155294,0.11647321899557742
1469,2.1964890379228224,0.1013271749898326
1470,2.0442845661888764,0.09393538236096823
1471,2.1449925682732234,0.0990408667465618
1472,2.593845678970664,0.12126228089206732
1473,3.3196001033846305,0.15710473519094226
1474,4.044844564490472,0.192865433749958
1475,4.460791532044465,0.2131890517395116
1476,4.4714564670369805,0.2132242262264772
1477,4.250772846666166,0.20157771136625297
1478,4.064272805576476,0.19150999770623706
1479,4.080644476686503,0.19151957454715848
1480,4.34033467906313,0.20369662603498614
1481,4.797516122056819,0.22578294657174594
1482,5.325615192195709,0.25149410872185707
1483,5.739940061752518,0.2716892742562518
1484,5.911059582166839,0.28000452899962536
1485,5.89583007164093,0.2793501818635164
1486,5.944511154687826,0.28224246791258384
1487,6.343859685559567,0.3029456644025301
1488,7.206684799585452,0.346961939470043
1489,8.378199964360027,0.4064155940480835
1490,9.545172170930783,0.46558820955547064
1491,10.463663102302844,0.5123184647542416
1492,11.10434429255069,0.5451928223666193
1493,11.598455326241746,0.5707594966636125
1494,12.09234991578535,0.5962987434548422
1495,12.676599544537238,0.6264235287550055
1496,13.39266305691503,0.6634328559421871
1497,14.23479928204502,0.7072070730944692
1498,15.132026470716983,0.7540609689975666
1499,15.9325173870349,0.7958623005262775
1500,16.41912558853,0.8209761545620774
1501,16.41686952773231,0.8201525377052319
1502,15.982364782305451,0.7965932501756582
1503,15.485224140224268,0.7700740116088809
1504,15.3954095109368,0.7655052247751651
1505,15.905714075448646,0.7929495893509423
1506,16.77390641955433,0.8393580523795202
1507,17.58217661194765,0.8823810475335728
1508,18.13665700534367,0.9116213651920075
1509,18.543715752554238,0.9327689593233259
1510,18.93373207962677,0.9529209555728455
1511,19.264806068246834,0.9699988620016609
1512,19.43839603435456,0.9787560347907415
1513,19.478531839734543,0.9803253974837352
1514,19.498920718163237,0.9805715238030168
1515,19.54966703786834,0.9820074880728179
1516,19.591782699310407,0.9825316164695883
1517,19.619695812648477,0.9820848381917442
1518,19.737888764249057,0.986725275655986
1519,20.08104979976168,1.004091912757901
1520,20.671861565674693,1.0354554703349557
1521,21.363225078121754,1.072517977887312
1522,21.91563786887717,1.1018100207883685
1523,22.151218530059786,1.1133928614413107
1524,22.07015420575373,1.107392454176983
1525,21.842365033562903,1.093421563408473
1526,21.683585927131745,1.0834989388147516
1527,21.7148678503938,1.0842085254093947
1528,21.912596041053522,1.094114832500493
1529,22.172459618267915,1.1075022547572457
1530,22.406782956346856,1.1197296772696954
1531,22.578086353460936,1.128858769129294
1532,22.671034954984474,1.1339202414625276
1533,22.683234962704773,1.13443617305708
1534,22.653676747475146,1.1321961865821903
1535,22.659986296136147,1.1313361797506132
1536,22.75807540078698,1.1351108681484179
1537,22.931669536399976,1.1429885166449458
1538,23.1082656427518,1.1512688157807665
1539,23.214777612950108,1.1559949832326504
1540,23.215546529689046,1.155126688687719
1541,23.117487053493047,1.1489837853602933
1542,22.96473724461695,1.1399754632692143
1543,22.832127477777984,1.132119119475499
1544,22.800638312105036,1.129634697846012
1545,22.911058559880736,1.1345533752242123
1546,23.131657005114235,1.1451470770486596
1547,23.37734624860015,1.1569681684235449
1548,23.56553097874152,1.1657040137831742
1549,23.65778620099246,1.1693242071744148
1550,23.661518528147425,1.1682377790037761
1551,23.60489816234342,1.164055498283529
1552,23.509127592377016,1.1580928326412951
1553,23.379279250199733,1.150737820314085
1554,23.22424462098549,1.142363215355971
1555,23.084057481061688,1.1347581416292853
1556,23.02060922958648,1.130798165442169
1557,23.066712278902326,1.1320010701328809
1558,23.190255080797574,1.1367667829790036
1559,23.31877672224174,1.1415676943462785
1560,23.39539632169749,1.1436742837569114
1561,23.407999056898202,1.1425756355744927
1562,23.37657284699709,1.1393496565154828
1563,23.32346306511993,1.1351637630613354
1564,23.24950761894955,1.13003518646179
1565,23.12321139741616,1.1222720430585362
1566,22.884388733230114,1.1087136198055527
1567,22.467601898154772,1.0859958335978688
1568,21.850130063448855,1.0530082753858405
1569,21.103975394206294,1.0134897927205402
1570,20.398842825288263,0.9761259675581554
1571,19.926828577817318,0.9507223121989901
1572,19.796319960915117,0.942841614724234
1573,19.972667064290835,0.9507617344038307
1574,20.300199137170114,0.9665209525639655
1575,20.590854668065422,0.9804167972517667
1576,20.729602233290837,0.98646387644501
1577,20.728509347021078,0.9852501580045657
1578,20.69274447957411,0.9822180316722678
1579,20.73231512323957,0.9830835626349961
1580,20.89315520360645,0.990235018802966
1581,21.149645830571863,1.002347293765654
1582,21.439501454186455,1.0162265873671354
1583,21.697038009990827,1.0285536435663327
1584,21.86534346085637,1.036496854076741
1585,21.90279812982144,1.0380143440472294
1586,21.80400283556984,1.0328602309980057
1587,21.625423010281935,1.0237778842235956
1588,21.477602065798948,1.0160476712279412
1589,21.463677435843774,1.0145266131432151
1590,21.60589128159747,1.0202196991081658
1591,21.832471004795167,1.0297359775659
1592,22.03795777056571,1.0381475143127843
1593,22.15154604946871,1.0421568277586544
1594,22.156062536953332,1.0409436764349953
1595,22.064753656515215,1.0350749071956051
1596,21.89076868817901,1.0250962660435647
1597,21.629716123243824,1.0107396894375837
1598,21.26444895374428,0.9911875236428676
1599,20.795034426059626,0.966540952837676
1600,20.2747461678357,0.9395443922628166
1601,19.81377151447726,0.9156878172519592
1602,19.5309857312961,0.9007694700546798
1603,19.479412342717094,0.897241146628673
1604,19.599786813933452,0.9020022293156233
1605,19.745239697686728,0.9076969250617701
1606,19.77010405781066,0.9071671746716068
1607,19.618759365689677,0.8979071033178206
1608,19.348010952488977,0.8831176151160365
1609,19.08092433064054,0.8691642292435949
1610,18.943732129161774,0.8621917957442978
1611,19.021355922797834,0.8659803560850938
1612,19.327389290404945,0.8808139808634466
1613,19.791864672949586,0.9031437848648679
1614,20.291929903865103,0.9270427070691867
1615,20.717828748232176,0.9472383785628354
1616,21.02171812635806,0.9614146391227427
1617,21.215311763060683,0.9701439415437196
1618,21.33532894496237,0.9752431240643414
1619,21.41321399636483,0.9782761858583817
1620,21.46457972747835,0.9800072292385917
1621,21.49310194553992,0.9805911751088894
1622,21.498854650656394,0.9800074118124112
1623,21.484335711446462,0.9783777953690289
1624,21.455645659073646,0.9760268866470025
1625,21.41969897414042,0.9733274414406747
1626,21.380399404515856,0.9704876299096051
1627,21.336881757033645,0.967452315263226
1628,21.284899100454368,0.963983342667596
1629,21.220105262409547,0.9598465992153852
1630,21.141605437985117,0.9550027976879147
1631,21.054105468715804,0.9497071849314282
1632,20.966103260183544,0.9444002672439105
1633,20.88339202579899,0.9393775866133003
1634,20.80205920220957,0.934461051586461
1635,20.7061326854072,0.9289080759869626
1636,20.570384993289125,0.9215528243559035
1637,20.36798714405836,0.9111635023707237
1638,20.087306795550003,0.8972318789411013
1639,19.756424493604886,0.8810989816905033
1640,19.45290840083986,0.8663430747538624
1641,19.271161016701395,0.8572196212274161
1642,19.258693965853404,0.855776751870114
1643,19.378578801675033,0.8602417219758491
1644,19.539072821366513,0.8664335178426601
1645,19.66044642773764,0.8707826080542902
1646,19.713752369607977,0.872027715993474
1647,19.71009514002504,0.8706853217780458
1648,19.67275713056283,0.8677940229145644
1649,19.6219903279545,0.8642510075502781
1650,19.572858545755857,0.8607263958295671
1651,19.536783687040295,0.8577570292431272
1652,19.521954468004076,0.8557984297410761
1653,19.531553188941306,0.8551217191562093
1654,19.562398856014124,0.8556643528024673
1655,19.607553641364362,0.8570926984542209
1656,19.660612880166262,0.8590312545858745
1657,19.713975185420175,0.8610341596981204
1658,19.75141676240406,0.8622435163428089
1659,19.748567311685473,0.8614152795699617
1660,19.686754380210594,0.8576308578450589
1661,19.56217864564904,0.8507889007798649
1662,19.375528244068928,0.8410713623235904
1663,19.12355723424088,0.8284177831561387
1664,18.824549990795575,0.8136529901196228
1665,18.553978399423997,0.8002278662803929
1666,18.420913482962675,0.7932167454365954
1667,18.480155276793337,0.7952175071441211
1668,18.67669680605858,0.8037026224202481
1669,18.8918037781397,0.8131471380857378
1670,19.033979035553152,0.8192763097056772
1671,19.07904495073809,0.8209167160034242
1672,19.04477796067866,0.8188067756914318
1673,18.954010395486105,0.8139308621431406
1674,18.825630075212423,0.8071673874098324
1675,18.683757056424938,0.7997213283898752
1676,18.555471500734406,0.7929774968161518
1677,18.451676920270923,0.7875801784012987
1678,18.3573331899429,0.782937810480765
1679,18.25260017990134,0.7781088072704104
1680,18.146383765276425,0.7732835158710869
1681,18.07833546784206,0.7699607615618819
1682,18.080516676001785,0.7694016832418508
1683,18.146159548666727,0.7713540271736643
1684,18.23969171703519,0.7744521519983405
1685,18.321051214857516,0.777111618879683
1686,18.353713401168168,0.7777338028009406
1687,18.30726465122163,0.7748434214493651
1688,18.171493453304382,0.7678540181443634
1689,17.976723243668136,0.7580823740274703
1690,17.79642814871635,0.7488856262635833
1691,17.708114618475104,0.7438613215402122
1692,17.72946718287564,0.7438961025583473
1693,17.792953726454382,0.7459512125874499
1694,17.796464391815057,0.7453489389828957
1695,17.688252746641865,0.7396900133478818
1696,17.50823923449524,0.730791716403716
1697,17.34811029116044,0.7228606913172205
1698,17.269860120711026,0.7187285439909847
1699,17.267109185065003,0.7180685833115175
1700,17.299685482490833,0.7189938149282463
1701,17.337867233298972,0.7200966712183902
1702,17.35926162643434,0.7203273335782259
1703,17.326759812424612,0.7180168571949992
1704,17.195574546122202,0.711203370741031
1705,16.946247192716932,0.6991027367227924
1706,16.615191971569466,0.6834580827378881
1707,16.30018294959437,0.668752130921332
1708,16.11998207268075,0.6603291827460618
1709,16.133326228069453,0.6607082571524229
1710,16.2798115350284,0.6669813201435063
1711,16.412235232446175,0.6724058197932122
1712,16.40724358896384,0.6714774810394563
1713,16.263558982126117,0.6643092295163748
1714,16.10610638454621,0.6566668013067425
1715,16.08482312829937,0.6552950019487782
1716,16.243711748204607,0.6620679053259877
1717,16.47148315189893,0.6719320078730977
1718,16.575474322417087,0.6763241695658803
1719,16.41571510754389,0.6691043916784655
1720,15.995368767784859,0.6504337945788438
1721,15.444985774794286,0.6259956719431738
1722,14.931801456299985,0.6030366266144677
1723,14.585982841281949,0.5872083178973565
1724,14.478597250807333,0.5816367999434071
1725,14.604532573093202,0.5861684716952257
1726,14.865477996337438,0.5966147668932962
1727,15.111393237135465,0.6065366250762957
1728,15.225437281162137,0.6109029054293087
1729,15.163030671943432,0.6077631837433929
1730,14.936853084880987,0.5976078718958444
1731,14.608856525361974,0.5830677312931773
1732,14.269952045121514,0.568088491654378
1733,13.965934773058633,0.5547375432041728
1734,13.664130323738647,0.5416841858209313
1735,13.348770400338356,0.5281857635271248
1736,13.106602850866409,0.5177409649007687
1737,13.0405379528791,0.5145249970002798
1738,13.126067151689266,0.5174297391507157
1739,13.230449342417536,0.5209212079674987
1740,13.276899090556642,0.5219015995684465
1741,13.315986210546992,0.5226150746932785
1742,13.39615611924945,0.5251665997698999
1743,13.429272836817582,0.5259171285408831
1744,13.258690565108619,0.5183572456302612
1745,12.859264101622578,0.50139944120995
1746,12.431923938978787,0.483248366831862
1747,12.263754815894126,0.47564950139553
1748,12.469569170314195,0.48332779448095026
1749,12.886270540433092,0.4996593638571803
1750,13.24534355765554,0.5136840426682829
1751,13.407729430249484,0.5196871478011588
1752,13.383799992718767,0.5180278145316927
1753,13.193190456027558,0.509449938461282
1754,12.826930835270993,0.4936110678738591
1755,12.36041553557147,0.47374237763834204
1756,12.004144698048556,0.4586220836069558
1757,11.957015300024361,0.4563945194972414
1758,12.201075661702383,0.46613020939824
1759,12.478945095609125,0.47707380255765836
1760,12.505005878490904,0.4774970688909666
1761,12.19389946815531,0.4640871441112087
1762,11.672011562780506,0.4422630345722374
1763,11.105686727358313,0.4189485438431318
1764,10.58260750539321,0.39760742764351037
1765,10.153266129618931,0.37997661963944684
1766,9.887354907201546,0.36858981857179285
1767,9.817660405611687,0.3647600674880984
1768,9.878330191926445,0.366092253371154
1769,9.963017503528137,0.36858481123336784
1770,10.004134068137965,0.3696479561755407
1771,9.943680801208338,0.3670017770712221
1772,9.685095402270221,0.3568401157093959
1773,9.163830937396614,0.33657846498277355
1774,8.458574722042917,0.3091893485043779
1775,7.766836003850037,0.28229093500292957
1776,7.253309616246119,0.2622729097505513
1777,6.94979759587928,0.25037865836460754
1778,6.798572146644512,0.2443566932182213
1779,6.741969105932104,0.24195939849958764
1780,6.736416517943453,0.24153792852949674
1781,6.7025556996984275,0.24012505902637413
1782,6.513215166282703,0.2329300622189006
1783,6.080897882723759,0.21661972049858383
1784,5.487745160225855,0.1942043028115601
1785,5.003389198569913,0.1757310820483145
1786,4.9014233473512165,0.17147910786363166
1787,5.2061126752487255,0.18252142905727506
1788,5.618540817756318,0.197882599378791
1789,5.718654801606105,0.20195171958019772
1790,5.277170595141267,0.1860842745248214
1791,4.406678007054794,0.15430361797239006
1792,3.439577426442331,0.1188198533575513
1793,2.6802198232052303,0.09082956934725935
1794,2.255679512510646,0.07499939336097869
1795,2.1307742799965066,0.07007471264632069
1796,2.188900765133419,0.07190575859114799
1797,2.281986814466732,0.07528404413651162
1798,2.256969064508974,0.0748441543014686
1799,2.0144103739822823,0.0670454085311721
1800,1.5822980339264217,0.052699138153937904
1801,1.1116795669052169,0.036846749672003964
1802,0.7654459092926802,0.025004639174713076
1803,0.6013823687043545,0.01920964259716025
1804,0.5550042039222262,0.017421741333275603
1805,0.5138445336616944,0.015981599397075587
1806,0.41099496016488585,0.012685474621294136
1807,0.27531313044511235,0.008408446759750263
1808,0.16945854549425923,0.00510601754763102
1809,0.10821871287411107,0.0032151981618338695
1810,0.07793225874511663,0.0022856240449605435
1811,0.06698784775707807,0.0019448956084450644
1812,0.0682538121747977,0.001970953130682961
1813,0.07459329220216385,0.0021501336872660455
1814,0.0776700348607932,0.0022367840601138214
1815,0.07165535786292627,0.0020595167013999394
1816,0.05740790761619921,0.0016428456805048963
1817,0.040796495689134134,0.0011584243803794613
1818,0.026953084039071328,0.0007567663300059303
1819,0.017637858532821116,0.0004887886003926158
1820,0.012826397227756806,0.00035121594821139427
1821,0.012272481322137124,0.00033365876479417127
1822,0.015013194287149907,0.0004074290614918716
1823,0.018570434705791977,0.0005039663454942332
1824,0.019893590906031766,0.0005399270694499852
1825,0.017497819928324585,0.0004748654113946824
1826,0.01245326362088751,0.00033787456800474827
1827,0.007145899734893967,0.00019379180575361765
1828,0.0033044035431613024,8.955316736663154e-05
1829,0.0012321580409743035,3.335952871793519e-05
1830,0.0003711815367498246,1.003319713101107e-05
1831,9.090738384587811e-05,2.4493719516184376e-06
1832,1.8698871001967497e-05,4.988297965500575e-07
1833,3.895213257433352e-06,9.971680973519274e-08
1834,1.4104543249839507e-06,3.3127869337466474e-08
1835,8.997056672535137e-07,2.027118102830181e-08
1836,5.83488180321026e-07,1.3050510994724499e-08
1837,3.1756456743884326e-07,7.095375319547389e-09
1838,1.4996386519737275e-07,3.3525592308156492e-09
1839,9.909452221618359e-08,2.2245892137079166e-09
1840,1.8065930094665867e-07,4.07061300129705e-09
1841,4.4595288741951587e-07,1.0052862175752022e-08
1842,9.462289839187027e-07,2.1330146305285246e-08
1843,1.6203438806846452e-06,3.652597781722774e-08
1844,2.219950184034883e-06,5.0043289590352685e-08
1845,2.4307570847787276e-06,5.4797804422137434e-08
1846,2.1346147235508653e-06,4.812607089444915e-08
1847,1.519329060101769e-06,3.426235228721935e-08
1848,9.0669887326197e-07,2.0463298077445425e-08
1849,5.086120536196494e-07,1.1507854605896348e-08
1850,3.409362413786766e-07,7.751713557391968e-09
1851,2.9992167551515833e-07,6.847753423222976e-09
1852,2.7717836721719783e-07,6.343001454634558e-09
1853,2.2388222779251068e-07,5.134291680027629e-09
1854,1.4946945573667677e-07,3.440889777964581e-09
1855,8.57527177895661e-08,1.9883379370885402e-09
1856,5.96652233271256e-08,1.384235226367563e-09
1857,9.608379955196316e-08,2.176210852258421e-09
1858,2.3385343902797054e-07,5.2139745316140685e-09
1859,5.167562746779404e-07,1.1457280521093339e-08
1860,9.420447156289199e-07,2.0838926295539283e-08
1861,1.414014638894696e-06,3.1232137722401226e-08
1862,1.7863691134904438e-06,3.938115590100873e-08
1863,1.981420521478268e-06,4.35464439517466e-08
1864,2.0368149371463597e-06,4.457005800010966e-08
1865,2.00320410022473e-06,4.363882065857737e-08
1866,1.8467492063202088e-06,4.009972983296415e-08
1867,1.513099911659345e-06,3.2798030355580815e-08
1868,1.0501533769860029e-06,2.2747869671054018e-08
1869,5.9955592651861e-07,1.298596551516049e-08
1870,2.7770109513484146e-07,6.016195988472036e-09
1871,1.0653197764265352e-07,2.31131555936257e-09
1872,5.1102824690014295e-08,1.124468816070986e-09
1873,1.0312221888331517e-07,2.315456407307598e-09
1874,3.6609694236327877e-07,8.247660215401979e-09
1875,1.1413784548352069e-06,2.5741854464635327e-08
1876,2.973952368691127e-06,6.714570244260772e-08
1877,6.522694604379581e-06,1.4745710871427847e-07
1878,1.213431294219301e-05,2.747371323949053e-07
1879,1.93114652187668e-05,4.380165612132123e-07
1880,2.6571678320896245e-05,6.03858384842349e-07
1881,3.196958199310328e-05,7.279578222132171e-07
1882,3.433481061952472e-05,7.834460082177909e-07
1883,3.5167180286627604e-05,8.047073588084152e-07
1884,3.9767881114742224e-05,9.136746555804048e-07
1885,5.47201174567439e-05,1.2617867830939088e-06
1886,8.120824159892279e-05,1.8757812101790513e-06
1887,0.00010978453880479352,2.536937627929768e-06
1888,0.0001245293602427995,2.8774593802244163e-06
1889,0.00011612785026426162,2.6828773954471203e-06
1890,9.164045178583754e-05,2.117751905589678e-06
1891,7.064441665875269e-05,1.6361645346855882e-06
1892,7.172686072913349e-05,1.6690445447587686e-06
1893,0.00010010437443381473,2.336844385003102e-06
1894,0.00014263771383766396,3.3327373727498223e-06
1895,0.00017374836004684614,4.0597805037176976e-06
1896,0.00017234758410130586,4.026081427748632e-06
1897,0.0001378009954643852,3.217817966469157e-06
1898,8.868087517941098e-05,2.069720761189724e-06
1899,4.596321646909522e-05,1.0720130428310805e-06
1900,1.9210175902659166e-05,4.4767656800881644e-07
1901,6.487754678036067e-06,1.5105690714025117e-07
1902,1.7928103823291337e-06,4.170786805559798e-08
1903,4.770513990355054e-07,1.1043093832725255e-08
1904,3.2851844345964317e-07,7.406345703745828e-09
1905,6.49345856751769e-07,1.4437472373549888e-08
1906,1.2961073476362478e-06,2.872145798902521e-08
1907,2.147092504921247e-06,4.750837394596954e-08
1908,2.9209809904664495e-06,6.457927844966778e-08
1909,3.325591087318097e-06,7.357839520799647e-08
1910,3.5791242501418406e-06,7.985210624883348e-08
1911,5.575426523549503e-06,1.2749567308189712e-07
1912,1.555193892179684e-05,3.61961783133823e-07
1913,4.8536180380533756e-05,1.134476596533076e-06
1914,0.00012997811981349283,3.0402862809273483e-06
1915,0.000283252456857665,6.6256927147883145e-06
1916,0.0004991340469942547,1.1673178525040506e-05
1917,0.0007150725232540632,1.67169390377181e-05
1918,0.0008503587205116921,1.9869294290547317e-05
1919,0.0008933224502021189,2.0872703287079573e-05
1920,0.0009614158301671608,2.253398530669327e-05
1921,0.001266786164788798,2.9954457658916916e-05
1922,0.0019994122208528984,4.777346232227395e-05
1923,0.003167850955176995,7.627773877730596e-05
1924,0.0044622353221746135,0.00010795839794836523
1925,0.005312235298330956,0.000128858613800158
1926,0.005263277766483188,0.00012779349074475743
1927,0.0044155808898035265,0.00010715268032565592
1928,0.0034784129385452955,8.43087317204586e-05
1929,0.0034337729429005513,8.354918803062957e-05
1930,0.005257249397119896,0.00012953512931664998
1931,0.009848692030227528,0.00024578822413936455
1932,0.017690923230534204,0.00044571579810439443
1933,0.02785486215030314,0.0007063886309293893
1934,0.03720593536458124,0.000947464498081096
1935,0.04167244278125898,0.001063985007603373
1936,0.03992378589466124,0.001022621266005463
1937,0.03671793973503385,0.0009507444193058712
1938,0.04277045812379504,0.0011358990034688828
1939,0.07024196510189923,0.001907680459900739
1940,0.12416244181346267,0.0034037207811234396
1941,0.1932647561561278,0.005313807003294134
1942,0.25094158375062836,0.006902879285164881
1943,0.2735311116625554,0.007516412794318659
1944,0.260685893194149,0.007145812545855492
1945,0.23380070494273741,0.006386335684643316
1946,0.2168273114106527,0.005907050768202606
1947,0.22508889602793203,0.006142959534449398
1948,0.26762429392775067,0.0073593927106672076
1949,0.34520869060584725,0.009586891527694017
1950,0.4383172445111478,0.012269471999600256
1951,0.5062138408781767,0.014235216318681587
1952,0.511816088928112,0.014413419858517657
1953,0.4511571009157332,0.012688993260625137
1954,0.35613119322144515,0.009983715160346148
1955,0.2712818790784836,0.007582630769381409
1956,0.23204543439081043,0.0065039118159735225
1957,0.2584204738006306,0.007318891398709123
1958,0.3527975433114958,0.010090449755483736
1959,0.4931752087576661,0.014175076869412093
1960,0.6355210965013388,0.018297224365310387
1961,0.7419186479147535,0.021381944094169512
1962,0.8196280515271158,0.023698798850589547
1963,0.9292273188637254,0.027084139639999373
1964,1.1428558385050442,0.03369239615039116
1965,1.4873111549575697,0.044307600914011466
1966,1.924025377010211,0.057748645724676355
1967,2.3745265685970707,0.07161851911467422
1968,2.7553443759437637,0.08333321096052823
1969,3.002482049665746,0.09086632884644767
1970,3.102012140478848,0.09373188755815524
1971,3.1184318229787262,0.09391633776118984
1972,3.1717422294985838,0.09519343876634546
1973,3.361937625671194,0.10075719025720524
1974,3.710166263641335,0.11134265703858948
1975,4.154048024346956,0.12503855833859345
1976,4.572872201608013,0.1380606248971865
1977,4.837504799800648,0.1463255353667799
1978,4.896712137134729,0.1481751819535356
1979,4.842789078753443,0.1464518594267967
1980,4.8630279544026305,0.14700215967753658
1981,5.091112559071487,0.15404501022155706
1982,5.49786996453712,0.16673358658684484
1983,5.921003283670259,0.18001963666099596
1984,6.187372434937607,0.188434044936663
1985,6.221445187355574,0.18952104544384346
1986,6.076894373767199,0.18491841220210709
1987,5.882875043543585,0.17872026508270814
1988,5.756063767997115,0.17467526525533325
1989,5.759188632874187,0.17479677556895465
1990,5.908359180775942,0.17954365099490538
1991,6.156505540078228,0.1873298719433378
1992,6.363120729698065,0.1936465426060935
1993,6.3461369890967845,0.19275383222983386
1994,6.004322884466794,0.18155804467414566
1995,5.376401615137871,0.16145694854032402
1996,4.5852417752682175,0.1365173699918683
1997,3.753798449547215,0.11073753694994669
1998,2.967755317831134,0.08681353852238917
1999,2.274687777008994,0.06612289483196276
2000,1.6926964444648132,0.049050469250892216
2001,1.2254808925993448,0.03552122051466985
2002,0.8784453489737802,0.0255519345338435
2003,0.6631900192676377,0.01941937646809243
2004,0.5918222447275905,0.017482081109688272
2005,0.669602589038957,0.019929460998673147
2006,0.8825858113548531,0.026382598333617554
2007,1.1785144918136643,0.03530674549511265
2008,1.4627380467587374,0.04388477348212241
2009,1.6342677880092327,0.0490945327202945
2010,1.6455599221064037,0.04949587274031122
2011,1.530883245287606,0.04608289897818362
2012,1.3736388187893933,0.041319466306758416
2013,1.2474273180990694,0.037391907410553274
2014,1.1855999706896738,0.035303133362767476
2015,1.1927264095313117,0.03520618137876252
2016,1.269877000511713,0.03714769455986132
2017,1.4252634330548724,0.04138429073107236
2018,1.6680226398450162,0.048206764214149704
2019,2.0004297478282282,0.057713706884616814
2020,2.4160081982521535,0.06974306438947701
2021,2.898941040388918,0.08383535875439306
2022,3.425490830375382,0.09927989710057855
2023,3.9704882223984304,0.11533719993320524
2024,4.507794070359894,0.1312620066986544
2025,4.999658699857809,0.1459507281571132
2026,5.401806461670871,0.15806551096259042
2027,5.70184947362131,0.16721518777824684
2028,5.947667036935132,0.1748547360006366
2029,6.212849879930468,0.1832388394554314
2030,6.52909217324473,0.19333567258917492
2031,6.868478782787022,0.20427269921261165
2032,7.19198524711487,0.21482888687891322
2033,7.492001320850741,0.22473983921069832
2034,7.773776324487503,0.23410878898885462
2035,8.009906349123147,0.24199111537580015
2036,8.1359241178051,0.24628257503816642
2037,8.098689761908501,0.24527435829935684
2038,7.908860528911286,0.23932299977577018
2039,7.648652753259751,0.23107419675014074
2040,7.424185418011877,0.22391106604379787
2041,7.2970625582244955,0.21976633950415758
2042,7.257002512369596,0.21828599887915698
2043,7.258371873357573,0.2180454018840614
2044,7.264073241953443,0.21796465486278072
2045,7.2396347248390835,0.21707771976021314
2046,7.128186924476405,0.21366586833268486
2047,6.868307411606844,0.20578804723549532
2048,6.444316478311777,0.19289690034195245
2049,5.907286568006411,0.1765455955465907
2050,5.344756254576984,0.15945078939679927
2051,4.834233446189895,0.14402018587627563
2052,4.420051237956305,0.13161175905741443
2053,4.120058022211859,0.12273853235931685
2054,3.9431998630391667,0.11762091431819524
2055,3.900955164209432,0.1165505618309147
2056,4.007129180985221,0.11990032172287612
2057,4.261313487025321,0.1276368807620751
2058,4.618620990933666,0.13840562509346435
2059,4.976077461902088,0.14911113481675492
2060,5.210994263617126,0.15607364778867688
2061,5.254771457664596,0.15725390595653158
2062,5.134797277083643,0.15349873910408754
2063,4.944073299689933,0.14760178864000137
2064,4.774077250524495,0.14227925443785847
2065,4.673031017738471,0.1389393755052068
2066,4.646937822049755,0.13774257713680088
2067,4.6793045319296285,0.13820497506577917
2068,4.751393262046268,0.1398055707289856
2069,4.858454609582732,0.14247195346763816
2070,5.011347400569535,0.1466140804325894
2071,5.2179726297956845,0.15252821020517943
2072,5.463914126006221,0.1597789673715064
2073,5.716212714709981,0.1673151536794298
2074,5.946901365613669,0.17422032944833699
2075,6.153845823067297,0.18039178686366614
2076,6.364072330196105,0.18666607182961195
2077,6.614892681771746,0.19422546525447912
2078,6.916633198938296,0.20340833268625624
2079,7.2246091124335665,0.2128155642583054
2080,7.4577874309890575,0.2199032375844569
2081,7.557775663378606,0.22284660645253848
2082,7.532290303935444,0.22189884139596666
2083,7.445883228410478,0.2190796794924515
2084,7.3770870424669965,0.2168236888675023
2085,7.378038786177283,0.21673275180563564
2086,7.454131603109428,0.21896183628942698
2087,7.570609421452006,0.22242955244891216
2088,7.682939868991083,0.22575642182159242
2089,7.7663176895833885,0.22817658192940043
2090,7.819510656427774,0.22965581585159733
2091,7.850859801159416,0.23045885877250652
2092,7.872236933088729,0.23096723710678851
2093,7.901653648206995,0.2317602995810802
2094,7.951795094333382,0.2332454001877861
2095,8.006244115807599,0.2349028758248626
2096,8.020040910723806,0.2353050963184881
2097,7.959929081280576,0.23338964486513028
2098,7.843646995760744,0.22970298070881065
2099,7.7323621266487335,0.22616648811232473
2100,7.687309300135536,0.22470774747424627
2101,7.736513124589663,0.22620203299699115
2102,7.868875948156154,0.23028366626500585
2103,8.043189116573645,0.23564633601157775
2104,8.207353051141805,0.24066607415441038
2105,8.324022320582724,0.24420168927535738
2106,8.382533444796502,0.24594230615362866
2107,8.387837623000078,0.2460394108600386
2108,8.346512190389491,0.24467387744828992
2109,8.268713645365533,0.24214091004017244
2110,8.178078555421076,0.2391775896334822
2111,8.10994475369753,0.23690482349547828
2112,8.091612303074076,0.23619429652198728
2113,8.119266815458943,0.23693359837901878
2114,8.155099238886311,0.237936506947773
2115,8.151700716030293,0.23771675464927988
2116,8.08437688249738,0.2355033613939644
2117,7.968590833811216,0.23177780225331254
2118,7.85483450274399,0.22811031422183006
2119,7.801045142145268,0.22631152328085952
2120,7.832534163353881,0.22718904811381552
2121,7.919515412379743,0.2298278218768701
2122,7.998748331631767,0.23224440490476905
2123,8.023871092621786,0.23296748616230317
2124,7.995882294602669,0.232018786396321
2125,7.948462403582522,0.23046450661640822
2126,7.916242218283227,0.22940327974465324
2127,7.922687633638911,0.22956346573664158
2128,7.980827621280397,0.23132615052172797
2129,8.084788713904157,0.23448303237591728
2130,8.20372992093603,0.2380665253689028
2131,8.29781987988434,0.2408479765667695
2132,8.34214636737627,0.24206902268543196
2133,8.334864853842758,0.24168342878052168
2134,8.291487525376235,0.24017812168568872
2135,8.23745117205947,0.2383479243337862
2136,8.198606455660478,0.2370024741689235
2137,8.188331756077085,0.2365612551075147
2138,8.201850967044345,0.2368733349460536
2139,8.224520304203942,0.23747776238026794
2140,8.243871902893634,0.23798228146445619
2141,8.253631444565235,0.2381892752961122
2142,8.251414230197712,0.2380238678209106
2143,8.23671396633595,0.23747125960347562
2144,8.209719029221516,0.2365385447343643
2145,8.168817175233164,0.23517508831355982
2146,8.107675507977994,0.23318154250657588
2147,8.014545467579229,0.23019120698080642
2148,7.876153121856718,0.22579465890626976
2149,7.6884421210705005,0.21987162188723647
2150,7.471794740243355,0.2130544267651729
2151,7.276745409578366,0.2068999261191095
2152,7.164463373751477,0.20329380215401077
2153,7.169175435056091,0.20330146766519158
2154,7.273277710543856,0.2063975830369328
2155,7.416474017964821,0.21073209742644305
2156,7.529953527956457,0.2141754234283454
2157,7.570780895879839,0.2153894046702944
2158,7.536137924741855,0.2142847774860535
2159,7.449992468074459,0.2116182333759925
2160,7.335274070155984,0.20812663283397076
2161,7.201320275746302,0.20411986984498626
2162,7.059482047121149,0.19993877709188282
2163,6.938330252556937,0.19641569218688218
2164,6.867676033718772,0.19440174557421355
2165,6.852545808426347,0.19399605381561386
2166,6.877603709847327,0.19469837735383738
2167,6.9322908692581695,0.19618762703382056
2168,7.018666371335723,0.19856361652273755
2169,7.133962117509331,0.2017971052223601
2170,7.250255164958881,0.2050805027832539
2171,7.319945119322104,0.20697869577766992
2172,7.310586560291287,0.20649707873353207
2173,7.234907199752439,0.20401422176099915
2174,7.143714367776676,0.20107852574821405
2175,7.088752453879707,0.19927527581909182
2176,7.089647141564232,0.19920757206274065
2177,7.130394973532625,0.20037866863403664
2178,7.180356850632286,0.20183503501113487
2179,7.211351920023798,0.20270692131520324
2180,7.194553316313602,0.20213174035728218
2181,7.098934889452482,0.1991972648322075
2182,6.9176301939333396,0.19370651999720787
2183,6.698953732998588,0.1870918373644455
2184,6.530710586908939,0.1819535761199045
2185,6.478107210832927,0.1802279449528935
2186,6.539717844455046,0.18189005867620905
2187,6.666322852860561,0.18550991556186916
2188,6.8105347827873,0.18970527697832712
2189,6.949520900468646,0.19379639520148567
2190,7.0710279926028745,0.1973924002256358
2191,7.154018866818929,0.1998361727849637
2192,7.168933371008188,0.2002290961113049
2193,7.098059339086045,0.1980392895479397
2194,6.954017097321389,0.1936502257855859
2195,6.770830110703179,0.18810031316983572
2196,6.576571610448213,0.1822676305405912
2197,6.386619743022382,0.17664291206965524
2198,6.224864586286557,0.17192457385079968
2199,6.1312864406263365,0.16924049082242917
2200,6.131796433828314,0.169291930628066
2201,6.205662560847669,0.17143196239112415
2202,6.296169545659453,0.17399252190228673
2203,6.358537134300291,0.1756801452218881
2204,6.395326884869271,0.17659380897664584
2205,6.444451382732947,0.177860514637125
2206,6.537433175691223,0.18041556310817103
2207,6.672597357394821,0.18422613689151568
2208,6.82214161147454,0.18849438718521905
2209,6.955023922880031,0.19231319600306998
2210,7.0511725160279655,0.1950776488458848
2211,7.0995530693635205,0.19644052210128107
2212,7.091306502352742,0.19612792028631024
2213,7.024496587889933,0.19408742389332698
2214,6.91979005086109,0.19094217317425827
2215,6.8236826230907015,0.1880657152510899
2216,6.782786135203908,0.18681194821245825
2217,6.808727487873021,0.18749597063357187
2218,6.870890302566478,0.18921046700910446
2219,6.92490455213057,0.19067300681073854
2220,6.9457491930972814,0.1911746956515901
2221,6.935275679102109,0.19077470866594243
2222,6.906575709947047,0.18984577106879488
2223,6.868751375599603,0.18865098746040687
2224,6.827356101716018,0.18736445062947155
2225,6.793339123678776,0.18631778162650686
2226,6.782598397379699,0.1859724623411336
2227,6.801824322858128,0.18650956858170603
2228,6.836813847377742,0.1875031766440011
2229,6.859527348479676,0.1881348319152317
2230,6.849628981570455,0.18781529099098682
2231,6.809721722563737,0.18661576531341387
2232,6.759275378240304,0.185089474865939
2233,6.714887499313965,0.18371097351021465
2234,6.679297912808845,0.18256893646785838
2235,6.649299558910236,0.1815903772431848
2236,6.62763507053882,0.18086882765471668
2237,6.620567346223876,0.18058485323107504
2238,6.6257298606185655,0.1806605617757123
2239,6.629310007053468,0.18068872543569192
2240,6.617022836039583,0.18025299126365238
2241,6.58443376498957,0.17922448725721873
2242,6.536223254533353,0.17774267931981175
2243,6.4795189183441,0.17602475258474176
2244,6.420486547710894,0.1742596227431788
2245,6.36693850201384,0.17267068252497758
2246,6.331853390939542,0.17161510554729156
2247,6.328118879978495,0.1714453715962325
2248,6.354528477629933,0.1721212070606903
2249,6.390204876015372,0.17305178654239656
2250,6.408000489135561,0.17347290599484197
2251,6.392216712867935,0.1729483806642818
2252,6.343465153329131,0.17150456741499112
2253,6.273320954622093,0.1694712238519966
2254,6.1986183235986,0.16731596105196428
2255,6.13711036543485,0.1655268973535607
2256,6.101647901199171,0.1644582712869121
2257,6.0921593895677875,0.16411231437415835
2258,6.091016469303023,0.1640100547000758
2259,6.072341501475165,0.1634427852236705
2260,6.024493742556604,0.16208606455343907
2261,5.963884018235869,0.1603787326903863
2262,5.9218208245086705,0.15916487486765052
2263,5.9170692695295,0.15894632445908327
2264,5.940913983213262,0.15947912646925183
2265,5.962985861157793,0.15993620643186285
2266,5.9510152617401735,0.15944684993094266
2267,5.896625387085915,0.15780019932635073
2268,5.828384887814393,0.15579951771997885
2269,5.79077946847243,0.15467944219054092
2270,5.803660880209995,0.1549873374239168
2271,5.845783182257549,0.15613251655408916
2272,5.876513226068886,0.15698950513054835
2273,5.867538371798514,0.1567700929053405
2274,5.8207364740411975,0.1555052541724659
2275,5.76899102560959,0.1540644759821022
2276,5.756106726956406,0.15362334097410288
2277,5.800312116237716,0.15468953692383555
2278,5.87278280193266,0.1565164595773495
2279,5.917685848414891,0.15762189433682244
2280,5.896110117474441,0.15695817925149566
2281,5.8134052333760415,0.15465494981008499
2282,5.712707323953018,0.1518595062412653
2283,5.646356868950609,0.1499742246155028
2284,5.6438645935153025,0.14979198161543789
2285,5.693141389530196,0.15098860813079998
2286,5.747168832039015,0.1523035652640696
2287,5.753286812998304,0.1523262659131702
2288,5.686026735558891,0.15037174387189461
2289,5.561558177370346,0.1468670084398907
2290,5.422790222566105,0.14296285666162983
2291,5.305418213571863,0.13963288187931233
2292,5.214548013672604,0.1370356407002324
2293,5.134774421159532,0.13476710129173952
2294,5.06103746162473,0.13269162605322224
2295,5.011091560313057,0.13129269839331653
2296,5.002446329851029,0.13105049552200504
2297,5.0263966962901785,0.13172248697504943
2298,5.057421510225856,0.13258936238729177
2299,5.082907098346616,0.1332757245335071
2300,5.108902369832982,0.1339311546500479
2301,5.139250374482953,0.13467405153642006
2302,5.1657400678484215,0.13530926163571227
2303,5.183374963639567,0.13571724696643173
2304,5.203666797271923,0.1362045927397277
2305,5.244687981887843,0.13724421654447236
2306,5.31275124869913,0.1389903394284541
2307,5.399354084200743,0.14119868604136374
2308,5.492455501707625,0.1435383809967963
2309,5.585110674075931,0.14583976073462931
2310,5.672934812169506,0.14802658813197092
2311,5.743799470919461,0.14981352833376535
2312,5.767031177873815,0.15038999159110678
2313,5.693070462024071,0.14841420360484717
2314,5.477230295907926,0.1426731342781155
2315,5.12508377928175,0.13330402141497244
2316,4.721658931539635,0.12255471273286873
2317,4.397305425368859,0.11385923267227833
2318,4.239059478884542,0.10949559588536226
2319,4.227939414759041,0.10895077479741565
2320,4.271373110692622,0.10979687425104018
2321,4.300826671127965,0.11027475780899545
2322,4.331651867796424,0.11086165389564191
2323,4.425956097397431,0.11325585941848677
2324,4.609475426700975,0.11814059104934538
2325,4.836117109183912,0.12423772767260338
2326,5.0269861755909275,0.1293759093145809
2327,5.130645224915056,0.13213521021969132
2328,5.146835605357903,0.13249782248433106
2329,5.1082873942063545,0.13135597137277283
2330,5.052362387580361,0.12974072910759074
2331,5.004977247759876,0.12837798332552278
2332,4.975094490428959,0.12752464720468323
2333,4.955192934346043,0.12697332529067734
2334,4.928920893599565,0.12626736257341103
2335,4.877845206561778,0.12489875161207006
2336,4.778689310087634,0.12224122771248148
2337,4.606342807564414,0.11762490925124114
2338,4.359569415772422,0.11101409533902698
2339,4.087255139622021,0.10370474802582333
2340,3.8749666437194383,0.09797174122366616
2341,3.7901968367036574,0.09561915862875381
2342,3.832143890616145,0.0966440700527291
2343,3.933380707349693,0.09926990764871649
2344,4.012331000910341,0.10133306840944929
2345,4.02488843910616,0.10165954260536789
2346,3.969921807186967,0.10021865522797235
2347,3.8588055352682633,0.09731155649760688
2348,3.6931431496778924,0.09297486418607477
2349,3.4762458738222333,0.08728706814354312
2350,3.2445292862362733,0.08120238298368784
2351,3.0779267294444037,0.076821506949548
2352,3.0580991679293787,0.07628600062300725
2353,3.199846283362739,0.07997832686600037
2354,3.4279045408767064,0.0859197015675557
2355,3.6341358791271947,0.09127258182479592
2356,3.7630732599156658,0.09458232950611464
2357,3.843166609443736,0.09659383627953382
2358,3.9395608724339337,0.09900878287725402
2359,4.0805197394923205,0.10255784255060202
2360,4.227623615084459,0.10623410434442504
2361,4.313720543015868,0.10830032832727432
2362,4.306866154237985,0.1079565553139618
2363,4.2327860086519955,0.10590869263327181
2364,4.133446455688073,0.10326991339736588
2365,4.011752178231378,0.10011232697271426
2366,3.8283155376641895,0.09539575213839928
2367,3.551381705067875,0.08829352622438809
2368,3.2002394112793495,0.07932829796983465
2369,2.846762464326562,0.07037219542828857
2370,2.591384348924051,0.06396988733803781
2371,2.5233377744319756,0.062318173810821005
2372,2.661670484350166,0.06582803890642978
2373,2.9166396026603594,0.07220213610255231
2374,3.1303707968678713,0.07746196283455037
2375,3.181856675963191,0.07857037309435848
2376,3.0680062239216026,0.07546670351040828
2377,2.893420627927128,0.07081790143171443
2378,2.779695939145362,0.067731374955076
2379,2.7695248178193816,0.06732032816074962
2380,2.80270708025895,0.06808210999049227
2381,2.778120424788413,0.0674554241529897
2382,2.6464292257994377,0.06416241325323728
2383,2.4538133086032503,0.059324230300089834
2384,2.3003494134538554,0.055432563310770684
2385,2.259067407002567,0.05432564323007888
2386,2.332602897553792,0.05609239334881915
2387,2.471081942308165,0.05950411376453462
2388,2.6123030994198313,0.0630117670254696
2389,2.710318728598719,0.06546126315869538
2390,2.7561329123284035,0.06661430583399731
2391,2.7840787833596807,0.06731571308999953
2392,2.838123657046832,0.06866045042073954
2393,2.9191932487658496,0.07067557858463787
2394,2.979181430888734,0.07215907791635932
2395,2.977965808187079,0.07209938745660767
2396,2.937708135914834,0.07104105391072875
2397,2.9261765435485723,0.07068014576236287
2398,2.9865526890180294,0.07211067697433596
2399,3.094955743657418,0.07475036010879318
2400,3.1835725870621765,0.07690749593224057
2401,3.1886632718659174,0.07698405402930283
2402,3.0794017952666164,0.07420700002038247
2403,2.8670585102407222,0.06886093611122247
2404,2.60105643158937,0.06218602751623537
2405,2.3492428258808964,0.055880810649758854
2406,2.1716467803198003,0.05143933835020315
2407,2.0990020782895784,0.04961051142444996
2408,2.1187119377751307,0.05006017121587383
2409,2.1786700016041785,0.051487310357527225
2410,2.215251390186355,0.05232906811455349
2411,2.1826297070556278,0.051482081694141875
2412,2.0614686038908667,0.04850193962689056
2413,1.8594219007682096,0.04359227397216005
2414,1.615821343709778,0.03770365109643862
2415,1.3922495668626222,0.032310892105894676
2416,1.2416145413402722,0.028680323336989187
2417,1.1887120731483873,0.02740480954456702
2418,1.2425887284445707,0.028693423390772785
2419,1.4072408818506188,0.03262701834659322
2420,1.6586720379566502,0.03862173168910599
2421,1.9233649664404242,0.04492427163889426
2422,2.112177343758563,0.04941452081628269
2423,2.1886664863915444,0.05122636862488315
2424,2.1989631055220915,0.05146391230006918
2425,2.233498321326006,0.05229449865874573
2426,2.356652700755487,0.055261931642279986
2427,2.559078873157286,0.060134221743407865
2428,2.763449922793181,0.06504237681227575
2429,2.872977731369446,0.06765781835761733
2430,2.8206885500893217,0.06638350670031419
2431,2.5882293789088457,0.06080020058569089
2432,2.2044943295287336,0.05162238971087526
2433,1.7477163627919177,0.040734626358113694
2434,1.3435525813468752,0.031127099196175203
2435,1.1308731073695348,0.02607101308721375
2436,1.1962226509736136,0.027583275092673325
2437,1.5195476650454998,0.03517918409275766
2438,1.9745309900620127,0.045889819826797365
2439,2.3882670609625416,0.05564214083342997
2440,2.6216258343613825,0.06113337799253282
2441,2.619417715774066,0.06103314323003629
2442,2.4077173646333145,0.05595700886790453
2443,2.0558072463979626,0.04757964589472471
2444,1.6405537223347482,0.03776442600430762
2445,1.236125552355549,0.028275254512607862
2446,0.9118218849592944,0.020709493035076118
2447,0.7093892942214174,0.015998333756462285
2448,0.6168471359483497,0.013838275473547348
2449,0.5832881791831003,0.01304439762229901
2450,0.568899852715183,0.012692000504136498
2451,0.5755262177382078,0.012814470440405143
2452,0.6322749238208385,0.014082328883050619
2453,0.7660921218023985,0.01713251174891568
2454,0.9878867153877584,0.0222351422333431
2455,1.2849401851204019,0.029100184931158037
2456,1.609135827376854,0.03660397872794123
2457,1.8812295315578882,0.04289811802703224
2458,2.0224833891398646,0.046150366219795826
2459,1.9907631316423344,0.04538662950870105
2460,1.7989440315325602,0.04091742166603746
2461,1.5156100703476052,0.03434134241252348
2462,1.246241035499443,0.028093530302634076
2463,1.0856371056574081,0.02434720806176175
2464,1.0603256289978817,0.023704200607482958
2465,1.1123638430696658,0.024837210310583602
2466,1.1490117969103462,0.0256292914291791
2467,1.1133915148852098,0.02478608890077853
2468,1.008472667560075,0.02238289485605298
2469,0.8654274966910597,0.019140353095449755
2470,0.7104103511978812,0.01565668120808054
2471,0.5663951138254111,0.01243767271059395
2472,0.4661654687911729,0.010194699394803726
2473,0.4407914429144381,0.009604726602288062
2474,0.4900525163276828,0.010663313916117
2475,0.5713239056486934,0.012434794881538156
2476,0.6230948915759462,0.013563886446593685
2477,0.6030183725791367,0.01311520570460225
2478,0.5108636789397671,0.011085188769232852
2479,0.38190627792975956,0.00825595416606572
2480,0.25968841849249097,0.005587129752431808
2481,0.17129311969094926,0.0036677336821007798
2482,0.12065955927861559,0.0025752032702738054
2483,0.09727044178208487,0.0020738415750991973
2484,0.08784144947112686,0.0018727949182818873
2485,0.08234623342906885,0.001755242778801443
2486,0.07512134592693295,0.0015995819853644128
2487,0.06507073488262365,0.0013822101338502942
2488,0.05468247320907434,0.0011565553659115741
2489,0.0465034315830911,0.0009784925087521986
2490,0.040246271236783246,0.000844202945431533
2491,0.03400009603541121,0.000714089775472812
2492,0.027540327185476964,0.000581845330436252
2493,0.02354562681997091,0.000501112752005937
2494,0.026053589233027502,0.0005547297774843849
2495,0.0383188449357966,0.0008105398483230143
2496,0.06123499738645396,0.001287960746055745
2497,0.09194330363475865,0.0019282435401875473
2498,0.12308259242377632,0.0025783249011723576
2499,0.1444828198763419,0.00302589418388147
2500,0.1476980553834166,0.0030941091272395677
